223,海西晨报,王亚坤、陈展红,省部级,file:///D:/360MoveData/Users/风清扬/Documents/WeChat Files/wxid_a5gxaxx192tk22/FileStorage/Temp/1e6b74e4b6a9cd3f82fe64a5ee694c7.png
115,中工网,董良好、张美怡,中央级,https://www.workercn.cn/c/2024-04-16/8222784.shtml
187,南方工报,杨德晨、张美怡,省部级,http://wap.nfgb.com.cn/html5/2024-03/19/content_15_24161.htm?curr=
52,齐鲁网,邓讷,省部级,http://news.iqilu.com/china/gedi/2024/0206/5597916.shtml
94,中青网,丁高洁,中央级,https://df.youth.cn/dfzl/202403/t20240327_15158868.htm
68,网易号,马松涛,地市级,https://www.163.com/dy/article/IPT5LO9G05149R5K.html?spss=dy_author
225,网易首页,王亚坤、陈展红,省部级,https://www.163.com/dy/article/IUS3MUQ405565EU3.html
188,南方工报,张美怡,省部级,http://wap.nfgb.com.cn/html5/2024-04/01/content_14_24470.htm?curr=
178,云南网,,省部级,https://m.yunnan.cn/system/2024/04/01/032995615.shtml
179,北青网,,省部级,海口滨海立交改造工程项目开放通车 (baidu.com)
208,腾讯网,张美怡,省部级,https://new.qq.com/rain/a/20240416A00ACK00
200,广东都市网,龙冬、张美怡,省部级,http://www.gddushi.com.cn/a/guona/20240415/77741.html
191,广东都市网,董良好、张美怡,省部级,http://www.gddushi.com.cn/a/guona/20240415/77740.html
158,网易,"刁琢安琼",省部级,https://www.163.com/dy/article/IVR3DGQ30530QRMB.html
50,云南网,邓讷,省部级,http://society.yunnan.cn/system/2024/01/30/032928510.shtml
38,南方工报,乔健,省部级,http://wap.nfgb.com.cn/html5/2024-02/05/node_1.htm?v=1&curr=2
44,腾讯网,丁高洁、沈芳霞,省部级,https://new.qq.com/rain/a/20240208A071U900
275,厦门广电,王亚坤、陈展红,地市级,file:///D:/360MoveData/Users/风清扬/Documents/WeChat Files/wxid_a5gxaxx192tk22/FileStorage/Temp/0ee6f8bd3b3bddf2c9a573411295a0d.png
276,业翔民安,王亚坤、陈展红,地市级,file:///D:/360MoveData/Users/风清扬/Documents/WeChat Files/wxid_a5gxaxx192tk22/FileStorage/Temp/9bc8241b3c5902ace46d1ac62480738.png
53,云南网,邓讷,省部级,http://culture.yunnan.cn/system/2024/02/06/032937150.shtml
182,腾讯网,杨德晨、张美怡,省部级,https://new.qq.com/rain/a/20240317A05Y2U00
304,中青网,马松涛,中央级,https://t.m.youth.cn/transfer/index/url/df.youth.cn/dfzl/202403/t20240304_15111912.htm
273,厦门广播电台,王亚坤、陈展红,地市级,file:///D:/360MoveData/Users/风清扬/Documents/WeChat Files/wxid_a5gxaxx192tk22/FileStorage/Temp/2f2739689fb5478ce0055b8dfab49ad.png
42,南方工报,乔健,省部级,http://www.nfgb.com.cn/zg/content/post_1228207.html
305,中青网,丁高洁,中央级,https://df.youth.cn/dfzl/202403/t20240307_15118499.htm
246,腾讯新闻,沈芳霞,地市级,https://new.qq.com/rain/a/20240330A03YJ700
421,南方工报,"宋耀明安琼",省部级,http://wap.nfgb.com.cn/html5/2024-03/01/node_1.htm?curr=3
392,中国青年网,文承聪,中央级,https://df.youth.cn/dfzl/202403/t20240307_15117542.htm
413,网易,"宋耀明安琼",省部级,https://www.163.com/dy/article/INIKV8AV0514ETGI.html
427,腾讯网,蔡茂哲,省部级,https://new.qq.com/rain/a/20240305V02DUZ00
177,椰城椰城 ,,省部级,通行效率提高5成！海口这个匝道通车→ (qq.com)
454,云南网,邓讷,省部级,https://society.yunnan.cn/system/2024/02/28/032958008.shtml
490,网易网,王吉,省部级,https://www.163.com/dy/article/IS14PF740530QRMB.html
497,海西晨报,王亚坤,省部级,file:///D:/360MoveData/Users/风清扬/Documents/WeChat Files/wxid_a5gxaxx192tk22/FileStorage/Temp/ff91711349d5075b130d6a64c3a4f53.jpg
503,网易,陈志诚,省部级,https://www.163.com/dy/article/IRA84N3Q0514R9NP.html
493,大众网,王吉,省部级,http://www.dzwww.com/xinwen/jishixinwen/202403/t20240301_13749537.htm
325,人民日报客户端,"宋耀明安琼",中央级,https://wap.peopleapp.com/article/rmh40049367/rmh40049367
505,腾讯网,陈志诚,省部级,https://new.qq.com/rain/a/20240219A05FDX00
562,厦门综合广播,王亚坤,地市级,
563,思明快报,王亚坤,地市级,
517,佛山+,丁高洁,地市级,https://content.foshanplus.com/newsDetails.html?newsId=847303&memberId=244930&utm_source=fsios&utm_medium=news&utm_campaign=context&utm_term=847303&utm_belong1=244930
508,大众网,文承聪,省部级,https://t.m.youth.cn/transfer/index/url/df.youth.cn/dfzl/202403/t20240307_15117542.htm
536,睿思网,马松涛,地市级,http://app.myzaker.com/news/article.php?pk=65f2cc7a8e9f095c1e571e7b
340,人民日报客户端,宋耀明,中央级,https://wap.peopleapp.com/article/rmh40181342/rmh40181342
349,人民日报客户端,"安琼宋耀明",中央级,https://wap.peopleapp.com/article/rmh40237361/rmh40237361
607,CCTV-1,陈志诚,中央级,
341,中国青年网转载,宋耀明,中央级,https://df.youth.cn/dfzl/202403/t20240307_15117480.htm
504,腾讯网,陈志诚,省部级,https://new.qq.com/rain/a/20240218A03JMI00
395,人民日报,文承聪,中央级,https://wap.peopleapp.com/article/rmh40179659/rmh40179659
516,佛山+,丁高洁,地市级,https://content.foshanplus.com/newsDetails.html?newsId=847065&memberId=170348&utm_source=fsios&utm_medium=news&utm_campaign=context&utm_term=847065&utm_belong1=170348
598,未来网,吕昊临,中央级,https://news.k618.cn/finance/money/202401/t20240116_19745525.html
335,人民日报客户端,崔国玉,中央级,https://wap.peopleapp.com/article/rmh40168177/rmh40168177
628,网易网,丁高洁,省部级,融企联谊促交流，这场以球会友的篮球赛白云开打|华南|广东|广州|珠海|联谊_手机网易网 (163.com)
629,新快网,丁高洁,省部级,融企联谊促交流，这场以球会友的篮球赛白云开打__新快网 (xkb.com.cn)
99,人民日报客户端,"李东波安琼",中央级,https://wap.peopleapp.com/article/rmh40309177/rmh40309177
350,中国青年网转载,"安琼宋耀明",中央级,https://df.youth.cn/dfzl/202403/t20240312_15128808.htm
336,中国青年网转载,崔国玉,中央级,https://df.youth.cn/dfzl/202403/t20240306_15115737.htm
623,网易网,丁高洁,省部级,https://www.163.com/dy/article/INFVVK8F05566CMH.html
624,广东消委会,姚瑞哲,省部级,合体！全球最大！广州白云机场宣布 (qq.com)
611,中国网,陈志诚,中央级,http://life.china.com.cn/gonggao/zixun/detail2_2024_01/20/4293853.html
617,网易网,姚瑞哲,省部级,https://www.163.com/dy/article/INCOE0TG0530X1OV.html
694,中国广州政府,姚瑞哲,地市级,白云机场东四西四指廊投运 - 广州市人民政府门户网站 (gz.gov.cn)
685,网易,陈志诚,省部级,https://www.163.com/dy/article/IOQS03JG05539N2F.html
549,深圳南山网,崔国玉,地市级,https://inanshan.sznews.com/content/2024-03/08/content_30790971.htm
579,中国青年网,丁高洁,中央级,https://df.youth.cn/dfzl/202401/t20240129_15050545.htm
653,新华报业网,王吉,省部级,https://www.xhby.net/content/s65bb0ef5e4b00bc445154319.html
673,腾讯网,陈志诚,省部级,https://new.qq.com/rain/a/20240118A0527U00
677,网易,陈志诚,省部级,https://www.163.com/dy/article/IOPBCTQ50550HO04.html
664,腾讯网,陈志诚,省部级,https://new.qq.com/rain/a/20240102A02M6V00
679,中青在线,陈志诚,省部级,https://news.cyol.com/gb/articles/2024-01/19/content_77xnmNueEN.html
633,网易,"宋耀明安琼",省部级,https://www.163.com/dy/article/INC316L80535HX8T.html
621,百度亮亮新世界,姚瑞哲,省部级,T1、T2成功“牵手”！广州白云机场成世界最大单体航站楼 (baidu.com)
317,人民日报客户端,崔国玉,中央级,https://wap.peopleapp.com/article/rmh40052606/rmh40052606
678,当代先锋网,陈志诚,省部级,http://www.ddcpc.cn/znlv3/202401/t20240119_6514065.shtml
381,人民日报,王亚坤,中央级,https://wap.peopleapp.com/article/rmh39940281/rmh39940281
570,网易,陈志诚,地市级,https://www.163.com/dy/article/IRARI6PM053469LG.html
645,大众网,吕昊临,省部级,http://www.dzwww.com/xinwen/jishixinwen/202401/t20240116_13522193.htm
582,人民日报客户端,安琼,中央级,https://wap.peopleapp.com/article/rmh39596024/rmh39596024
784,中研网,朱莹、邓讷,中央级,https://it.chinairn.com/news/20241129/170007363.html
686,海西晨报,陈志诚,省部级,https://new.qq.com/rain/a/20240119A01G3O00
654,腾讯新闻,王亚坤,省部级,https://new.qq.com/rain/a/20230108A075V800
121,中国财经在线,王亚坤,中央级,http://zgfinance.top/a3326/ba561237970.html
124,中国聚焦网,王亚坤,中央级,http://jujiaow.hebdushi.cn/56794/91561237990.html
1,人民视点,马松涛,中央级,http://www.rmkbw.cn/?wenlv/9105.html=
196,广东信息网,董良好、张美怡,省部级,http://www.gd.0391xxw.cn/html/22j93yy.html
193,广东热线,董良好、张美怡,省部级,http://www.gd.hcpit.org/news/6058y9n.html
268,广州企业网,龙冬、张美怡,地市级,http://www.gz.hcpit.org/news/bo4r9zg.html
205,广东商业网,龙冬、张美怡,省部级,http://www.gd.guishangwang.cn/news/8gjnp9n.html
202,广东热线,龙冬、张美怡,省部级,http://www.gd.hcpit.org/news/vpn8q5k.html
217,福建都市网,王亚坤,省部级,http://fujian365.cn/68fb7/8f4499106224.html
172,海南新闻网,邓讷,省部级,http://binhaics.cn/450/NzU5MTA1MjQ=.html
61,环球视点网,马松涛,地市级,http://www.hqsdw.com/?list_73/2701.html=
46,广东之窗,安琼,省部级,http://gyjinri.cn/0409c/0c820305370.html
817,腾讯,程景伟 覃春晖 陈艳丽,省部级,https://news.qq.com/rain/a/20241226A0ADY100
785,中国发展时报,朱莹、邓讷,中央级,https://news.idayuanshuai.com/9790.html
371,中华建设网,王吉,中央级,https://www.zhjsw.cn/news/show-48499.html
818,观点新媒体,程景伟 覃春晖 陈艳丽,省部级,https://news.qq.com/rain/a/20241226A09TGW00?suid=&media_id=
212,福建企业网,王亚坤,省部级,http://fj.jkwindows.cn/e10b/b8b85733172.html
693,深圳新闻,姚瑞哲,地市级,https://www.sznews.com/news/content/2024-01/01/content_30677877.htm
850,广东监理,吕昊临,省部级,https://news.scut.edu.cn/2024/1211/c41a56571/page.htm
60,民生中国周刊,马松涛,地市级,https://mszgzk.com/?list_25/4700.html=
155,广东新闻网,欧阳琳,省部级,http://csxxb.cn/e9c/MTEyNDcwNzc3.html
248,潇湘晨报,沈芳霞,地市级,https://www.msn.cn/zh-cn/news/other/%E9%A9%B6%E5%85%A5%E5%BF%AB%E8%BD%A6%E9%81%93-%E4%B8%AD%E5%9B%BD%E4%BA%BA%E5%B7%A5%E6%99%BA%E8%83%BD-%E5%B9%BF%E5%B7%9E-%E4%BA%A7%E4%B8%9A%E5%9B%AD%E5%85%A8%E9%9D%A2%E8%BF%9B%E5%85%A5%E5%9F%BA%E5%9D%91%E5%BC%80%E6%8C%96%E9%98%B6%E6%AE%B5/ar-BB1kMzwC
892,海西晨报,王亚坤,省部级,file:///D:/360MoveData/Users/风清扬/Documents/WeChat Files/wxid_a5gxaxx192tk22/FileStorage/Temp/4964933a9ef76b22293f8b6ce64089f.png
615,东方网,丁高洁、姚瑞哲,省部级 ,https://qiye.chinadaily.com.cn/a/202401/31/WS65b9c6f6a31026469ab16e97.html
201,广东网,龙冬、张美怡,省部级,http://www.gd.hebgdhht.com/article/qw3kd8d.html
192,广东网,董良好、张美怡,省部级,http://www.gd.hebgdhht.com/article/4vjk9dn.html
117,中国基层网,王亚坤,中央级,http://www.chinajiceng.com.cn/news/2024-03-16/242469.html
816,环球网咨询,程景伟 覃春晖 陈艳丽,省部级,https://www.163.com/dy/article/JKCD7SJ00514R9OJ.html
852,网易,吕昊临,省部级,https://www.163.com/dy/article/JJKC4JUG05565EU3.html
792,中国经济报道,朱莹、邓讷,中央级,https://industry.cnews.org.cn/411380.html
726,海博TV,陈志诚,地市级,https://www.fjtv.net/haibo4/folder335/2024-01-18/5580475.html?_t=1705569177#&_hgOutLink=news/NewsDetail&id=5580475
143,北青网,沈芳霞,省部级,https://www.msn.cn/zh-cn/news/other/%E4%B8%AD%E5%9B%BD%E4%BA%BA%E5%B7%A5%E6%99%BA%E8%83%BD-%E5%B9%BF%E5%B7%9E-%E4%BA%A7%E4%B8%9A%E5%9B%AD%E9%A1%B9%E7%9B%AE%E5%9F%BA%E5%9D%91%E5%85%A8%E9%9D%A2%E5%BC%80%E6%8C%96/ar-BB1kVpdh
267,广州企业网,董良好、张美怡,地市级,http://www.gz.hcpit.org/news/33pk0my.html
795,中国经济智库,朱莹、邓讷,中央级,https://zixun.jingjizk.net/374195.html
907,福建卫视新闻,文承聪,省部级,https://www.fjtv.net/yw/2024-11-21/6284427.html
925,羊城派,姚瑞哲、崔国玉,地市级,https://news.qq.com/rain/a/20241212A0A2WQ00
910,腾讯网,文承聪,省部级,https://news.qq.com/rain/a/20241126A02K5K00
916,腾讯网,文承聪,省部级,https://news.qq.com/rain/a/20241212A02US800
922,羊城派,姚瑞哲、崔国玉,地市级,https://news.qq.com/rain/a/20241129A09LX800
774,人民政协网,吕昊临,中央级,https://www.rmzxb.com.cn/c/2024-12-11/3646243.shtml?n2m=1
949,观点新媒体,姚瑞哲、崔国玉,地市级,https://news.qq.com/rain/a/20241203A0517Y00
903,福建人大网,文承聪,省部级,"https://www.fjrd.gov.cn/ct/4-190680#:~:text=11%E6%9C%8820%E6%97%A5%EF%BC%8C%E7%9C%81
923,广州日报,姚瑞哲、崔国玉,地市级,https://news.qq.com/rain/a/20241129A08E1I00
899,腾讯网,文承聪,省部级,https://news.qq.com/rain/a/20241116A02X7900
917,腾讯网,文承聪,省部级,https://news.qq.com/rain/a/20241208A03SRR00
383,中国快讯,王亚坤,中央级,http://www.ertw.com.cn/a/xinwen/toutiao/2674.html
233,上海新闻网,赵琥珀,省部级,http://cndashanghai.cn/b09/MTIxMjEwOTU=.html
418,广东新闻网,崔国玉,省部级,http://csxxb.cn/e9c/OTM0MzcxNzI=.html
702,物流新闻,姚瑞哲,地市级,广州白云机场东四西四指廊投运 - 物流指闻 (headscm.com)
732,天眼查企业头条,姚瑞哲,行业,https://news.tianyancha.com/ll_wyi86x7pzm.html
153,广东资讯网,欧阳琳,省部级,http://syjinri.cn/529/MTEyNDcwNzY4.html
6,中国企业经济网,安琼,中央级,http://innfinance.cn/baa6/a5571068767.html
460,海南新闻网,邓讷、徐波,省部级,http://binhaics.cn/450/NjMzNjUyNjI=.html
469,海南新闻网,朱莹、邓讷,省部级,http://binhaics.cn/450/NjM2NDI3NzQ=.html
484,今报网,王吉,省部级,http://www.jinbw.com.cn/a/20240220/n_1708397533330138.html
906,腾讯网,文承聪,省部级,https://news.qq.com/rain/a/20241122A016G200
499,福建都市网,王亚坤,省部级,http://fujian365.cn/68fb7/8f4484588920.html
488,今报网,王吉,省部级,http://www.jinbw.com.cn/a/20240228/n_1709090030330828.html
891,网易网,刘芳,省部级,https://www.163.com/dy/article/JKBIE4CT0514FBRT.html
498,福建企业网,王亚坤,省部级,http://fj.jkwindows.cn/e10b/b8b74015298.html
492,今报网,王吉,省部级,http://www.jinbw.com.cn/a/20240301/n_1709260603331114.html
1072,中研网,邓讷,中央级,https://it.chinairn.com/news/20241120/143013187.html
477,海南新闻网,朱莹、邓讷,省部级,http://binhaics.cn/450/NzI3MTczODQ=.html
485,大众网,王吉,省部级,http://www.dzwww.com/xinwen/jishixinwen/202402/t20240220_13692834.htm
168,海南海口网,邓讷,省部级,http://hainanhk.cn/9da02/39f63258790.html
164,海南都市日报,邓讷,省部级,http://hndsrb.cn/5f3/NzU5MTA1OTY=.html
489,大众网,王吉,省部级,http://www.dzwww.com/xinwen/jishixinwen/202402/t20240228_13737855.htm
1120,网易号,丁高洁,省部级,https://www.163.com/dy/article/JH1FCUBD0550TYQ0.html
1082,中国经济智库,邓讷,中央级,https://zixun.jingjizk.net/370120.html
486,新华报业江南时报网,王吉,省部级,http://www.jntimes.cn/xxzx/202402/t20240228_8219101.shtml
1044,招标网,马松涛,中央级,https://xm.zhaobiao.cn/project_v_886064.html
1093,中国信息网,王亚坤,中央级,http://www.zgnews.com.cn/news/guonei/2024-10-23/37851.html
1017,中航工业,王亚坤,行业,file:///D:/360MoveData/Users/风清扬/Documents/WeChat Files/wxid_a5gxaxx192tk22/FileStorage/Temp/8e04fc46bc2eb96d23d00c83d80e027.png
648,今报网,吕昊临,省部级,http://www.jinbw.com.cn/a/20240116/n_1705396050327785.html
668,潇湘晨报,陈志诚,省部级,https://www.msn.cn/zh-cn/news/other/%E6%96%B0%E5%B9%B4%E7%AC%AC%E4%B8%80%E5%8D%87-%E7%BF%94%E5%AE%89%E6%9C%BA%E5%9C%BA%E8%88%AA%E7%AB%99%E6%A5%BC%E4%B8%BB%E4%BD%93%E5%B7%A5%E7%A8%8B%E5%BB%BA%E8%AE%BE%E8%BF%9B%E5%BA%A6%E6%8F%90%E5%89%8D/ar-AA1mkYhw
650,东方今报网,王吉,省部级,http://www.jinbw.com.cn/a/20240131/n_1706678456329246.html
1180,网易网,伍学铁,省部级,https://www.163.com/dy/article/JEITSKRT0534JJCG.html
1112,腾讯网,覃春晖,省部级,https://news.qq.com/rain/a/20241027A05Q2H00
689,潇湘晨报,陈志诚,省部级,https://www.msn.cn/zh-cn/news/other/%E8%88%AA%E7%AB%99%E6%A5%BC%E4%B8%BB%E4%BD%93%E9%92%A2%E7%BB%93%E6%9E%84%E5%9F%BA%E6%9C%AC%E5%AE%8C%E6%88%90%E5%8E%A6%E9%97%A8%E7%BF%94%E5%AE%89%E6%9C%BA%E5%9C%BA%E8%BF%8E%E4%BB%8A%E5%B9%B4%E9%A6%96%E4%B8%AA%E9%87%8C%E7%A8%8B%E7%A2%91%E8%8A%82%E7%82%B9/ar-AA1nd9gv
1183,腾讯网,伍学铁,省部级,https://news.qq.com/rain/a/20240901A06ULS00
1101,腾讯网,丁俊峰,省部级,https://news.qq.com/rain/a/20241011A09FF600
778,中国基层网,朱莹、邓讷,中央级,http://www.chinajiceng.com.cn/news/2024-11-29/266776.html
1213,腾讯网,文承聪,省部级,https://news.qq.com/rain/a/20241115A033Q700
1181,腾讯新闻,伍学铁,省部级,https://news.qq.com/rain/a/20241015A09QGG00?suid=&media_id=
811,观点网,覃春晖,省部级,https://www.msn.cn/zh-cn/news/other/%E5%B9%BF%E5%B7%9E%E9%BB%84%E5%9F%94%E4%B8%AD%E6%96%B0%E7%A7%91%E6%8A%80%E6%96%87%E5%8C%96%E8%89%BA%E6%9C%AF%E4%B8%AD%E5%BF%83%E6%99%BA%E8%8D%9F%E5%A1%94%E5%85%A8%E9%9D%A2%E5%B0%81%E9%A1%B6/ar-AA1uthgl?ocid=BingNewsSerp
1116,网易,丁俊峰,省部级,https://www.163.com/dy/article/JE1QA0360530X1OV.html
1119,腾讯网,丁高洁,省部级,https://news.qq.com/rain/a/20241115A02MWY00
1195,starproperty,赵琥珀,属地省部级,https://www.starproperty.my/news/property-news/tropicana-begins-construction-on-lido-waterfront-boulevard-in-johor-skypark-kepler/130114
1085,人民政协网,张泽钲,中央级,https://www.rmzxb.com.cn/c/2024-10-24/3624838.shtml
651,大众网,王吉,省部级,http://www.dzwww.com/xinwen/jishixinwen/202401/t20240131_13603468.htm
194,广东商业网,董良好、张美怡,省部级,http://www.gd.guishangwang.cn/news/zdnrpv3.html
203,广东文化网,龙冬、张美怡,省部级,http://www.gd.tv56.com.cn/content/g236wok.html
197,广州资讯网,董良好、张美怡,省部级,http://gz.cns-photo.com/item-r904vgz.html
122,中国信息报道,王亚坤,中央级,http://xinxibd.tsxxg.cn/62961/aa561238000.html
269,广州资讯网,龙冬、张美怡,地市级,http://gz.cns-photo.com/item-y5kjvwj.html
1113,腾讯网,覃春晖,省部级,https://news.qq.com/rain/a/20241027A05Y6S00
819,南方+,覃春晖,省部级,https://www.msn.cn/zh-cn/news/other/%E5%8F%8C%E5%A1%94-%E5%85%A8%E9%9D%A2%E5%B0%81%E9%A1%B6-%E4%B8%AD%E6%96%B0%E5%B9%BF%E5%B7%9E%E7%9F%A5%E8%AF%86%E5%9F%8E%E5%8F%88%E4%B8%80%E5%9C%B0%E6%A0%87%E6%80%A7%E8%B6%85%E9%AB%98%E5%B1%82%E9%A1%B9%E7%9B%AE%E5%B4%9B%E8%B5%B7/ar-AA1uiX9v?ocid=BingNewsSerp
1107,网易视频,丁高洁,省部级,https://www.163.com/v/video/VEE1D77D0.html
1214,网易网,文承聪,省部级,https://www.163.com/dy/article/JGT5M8K50537AAUT.html
213,福建都市网,王亚坤,省部级,http://fujian365.cn/68fb7/8f4497980760.html
48,广东新闻网,安琼,省部级,http://csxxb.cn/e9c/OTEzNzQxNDc=.html
219,福建都市网,王亚坤、蓝伟冰,省部级,http://fujian365.cn/68fb7/8f4499533528.html
865,广东都市,蔡雯静,省部级,http://lzdushi.cn/604/ODU4MTgzNzI=.html
868,广东头条网,蔡雯静,省部级,http://gdtt.csxxb.cn/dce37/b0e33278576.html
895,大马南洋通,赵琥珀,属地省部级,https://www.facebook.com/seatocmy/photos/
863,广东头条网,蔡雯静,省部级,http://gdtt.csxxb.cn/dce37/b0e28606120.html
914,海西晨报,文承聪,省部级,https://www.msn.cn/zh-cn/news/other/%E7%BA%A2%E8%89%B2%E9%97%AA%E7%94%B5-%E7%A9%BF%E8%A1%8C%E6%B5%B7%E5%A4%A9%E4%B9%8B%E9%97%B4/ar-AA1uNyan?ocid=BingNewsLanding&cvid=85b633e7bd1249aeb5c17a985c313dfb&ei=8
638,广东新闻网,安琼,省部级,http://csxxb.cn/e9c/ODkxMTY0NDM=.html
419,广东新闻网,"宋耀明安琼",省部级,http://csxxb.cn/e9c/OTM0MzcxOTk=.html
1127,鲁网财经,马松涛,省部级,https://f.sdnews.com.cn/zwxx/202410/t20241030_4451387.htm
969,I听厦门,王亚坤,地市级,file:///D:/360MoveData/Users/风清扬/Documents/WeChat Files/wxid_a5gxaxx192tk22/FileStorage/Temp/b8e28b387f6f9eb96e623f8fb636442.png
1273,梅州日报,伍学铁,地市级,https://mzrb.meizhou.cn/html/2024-10/16/content_367555.htm
1196,EdgeProp,赵琥珀,属地省部级,https://www.edgeprop.sg/property-news/best-both-worlds-skypark-kepler-offers-advanced-modern-living-superb%C2%A0connectivity
939,萝岗和苑优生活,覃春晖,地市级,https://mp.weixin.qq.com/s/tMN9_iWkHUWz6IwUZrgPGw
1158,云南网,张美怡,省部级,https://health.yunnan.cn/system/2024/10/24/033278273.shtml
1190,PropertyGuru,赵琥珀,属地省部级,https://www.propertyguru.com.my/property-news/2024/11/212153/tropicana-begins-construction-on-lido-waterfront-boulevard-in-johor
1153,广东新闻网,王聪,省部级,http://csxxb.cn/e9c/MTQyNTg0OTc1.html
1031,厦门翔业,文承聪,行业,https://mp.weixin.qq.com/s/AFATCRqAvFiORz-XVyS94w?poc_token=HJgGTWejxTi5HQ0MjoXVDchpBL4fIylzNIOdhg5g
1038,民航之翼,文承聪,行业,https://mp.weixin.qq.com/s/EHYQMyG6Oc_7TrflYNjM4w
1187,Orientaldaily,赵琥珀,属地省部级,https://www.klsescreener.com/v2/news/view/1418055/%E4%B8%BD%E9%98%B3%E6%9C%BA%E6%9E%84%E6%9F%94%E4%BD%9B%E6%96%B0%E5%B7%A8%E4%BD%9C-lido-waterfront-boulevard%E4%BA%AE%E7%82%B9%E9%80%90%E4%B8%AA%E7%9C%8B
1206,腾讯网,文承聪,省部级,https://new.qq.com/rain/a/20241020A04DY800
944,湾区生物医药产业服务平台,丁高洁,地市级,https://mp.weixin.qq.com/s/NpMDW5p_6kmalmWYfUzRnA
1198,yahoo news,赵琥珀,属地省部级,https://sg.news.yahoo.com/best-both-worlds-lido-waterfront-093000884.html
1432,中工网,邓讷,中央级,https://www.workercn.cn/c/2024-05-08/8247154.shtml
1193," Skypark Kepler",赵琥珀,属地省部级,https://www.yournewasiahome.com/skypark-kepler/
1152,广东头条网,王聪,省部级,http://gdtt.csxxb.cn/dce37/b0e31685546.html
1450,中工网,董良好、张美怡,中央级,https://www.workercn.cn/c/2024-04-16/8222784.shtml
1474,南方工报,丁高洁,省部级,http://www.nfgb.com.cn/zg/content/mpost_1239707.html
1287,咸宁新闻网,张美怡,地市级,http://www.xnnews.com.cn/zxsd25178/sqdt/202410/t20241025_3780482.shtml
1492,网易,覃春晖,省部级,https://www.163.com/dy/article/J1TV1IQG0519QIKK.html
1208,腾讯网,文承聪,省部级,https://news.qq.com/rain/a/20241028A0532V00
195,广东文化网,董良好、张美怡,省部级,http://www.gd.tv56.com.cn/content/n2yo86k.html
204,广东信息网,龙冬、张美怡,省部级,http://www.gd.0391xxw.cn/html/p2nkomg.html
1493,网易,覃春晖,省部级,https://www.163.com/dy/article/J1TSRV0Q0519D45U.html
1235,客都1039电台,李杰,地市级,https://mp.weixin.qq.com/s/SyeN3GzKLRvqoYx6Qg2xZw
1472,南方工报,丁高洁,省部级,http://wap.nfgb.com.cn/html5/2024-04/18/content_14_24875.htm?curr=
1489,网易,覃春晖,省部级,https://www.163.com/v/video/VP105RIOO.html
866,广东新闻网,蔡雯静,省部级,http://csxxb.cn/e9c/MTI4NzI3NTY3.html
869,广东资讯网,蔡雯静,省部级,http://syjinri.cn/529/MTQ5NzUzNjAx.html
1321,翔安区政协,文承聪,地市级,https://mp.weixin.qq.com/s/Niq4_pkCK9_QbukWaGUXIQ
864,广东资讯网,蔡雯静,省部级,http://syjinri.cn/529/MTI4NzI3NTQ5.html
1436,未来网,迟立刚,中央级,https://news.k618.cn/finance/money/202404/t20240422_19758956.html
1531,南方工报,白占宝,省部级,http://wap.nfgb.com.cn/html5/2024-04/23/content_15_24950.htm?curr=
1532,南方工报（纸媒）,白占宝,省部级,
1552,海峡导报,王亚坤,省部级,file:///D:/360MoveData/Users/风清扬/Documents/WeChat Files/wxid_a5gxaxx192tk22/FileStorage/Temp/fae18480f37860fb5847a5297a97d53.png
1555,海西晨报,王亚坤,省部级,file:///D:/360MoveData/Users/风清扬/Documents/WeChat Files/wxid_a5gxaxx192tk22/FileStorage/Temp/aaff891313288a44af25fd4a70dcf5b.png
1556,海西晨报,王亚坤,省部级,file:///D:/360MoveData/Users/风清扬/Documents/WeChat Files/wxid_a5gxaxx192tk22/FileStorage/Temp/00d11db46987be3e1e1f8ef2318529d.png
1005,预制建筑网,杨晓晖,行业,https://mp.weixin.qq.com/s/Tkk4jmftPqtCaLwS6G4UBA
1499,云南网,邓讷,省部级,http://society.yunnan.cn/system/2024/05/05/033039105.shtml
1558,网易新闻,王亚坤,省部级,https://www.163.com/dy/article/J0MK6F4S05565EU3.html
1197,Linkedin,赵琥珀,属地省部级,https://www.linkedin.com/posts/edgeprop-malaysia_tropicana-unveils-lido-waterfront-boulevard-activity-7257951218306555906-9Hvs
1588,厦门交通,王亚坤,地市级,file:///D:/360MoveData/Users/风清扬/Documents/WeChat Files/wxid_a5gxaxx192tk22/FileStorage/Temp/73cd20bb47be0f30e85ca57278b03b6.png
1591,厦门日报,王亚坤,地市级,file:///D:/360MoveData/Users/风清扬/Documents/WeChat Files/wxid_a5gxaxx192tk22/FileStorage/Temp/4ba02035cf719936442fba635d95be0.png
1360,建筑工程大全,陈荣君,行业,https://mp.weixin.qq.com/s/RO4JKjByHl8ArOWXjabMCQ
1098,马来西亚中国报,赵琥珀,中央级,https://www.chinapress.com.my/20241113/%E6%9F%94%E4%BD%9B%E4%B8%BD%E9%83%BD%E6%B5%B7%E6%BB%A8%E5%A4%A7%E9%81%93%E9%A6%96%E6%9C%9F%E5%8F%91%E5%B1%95%E4%B8%BE%E8%A1%8C%E5%8A%A8%E5%9C%9F%E7%A4%BC/
1203,大马南洋通,赵琥珀,属地省部级,https://www.facebook.com/seatocmy/photos/
1495,腾讯网,覃春晖,省部级,https://new.qq.com/rain/a/20240511A05O0600
1369,工程资料课堂,陈荣君,行业,https://mp.weixin.qq.com/s/e6uBg9rdesiK3xClL5lifQ
1292,厦门市住房和建设局,王亚坤,地市级,https://mp.weixin.qq.com/s/jQvGAB7vh3ADcGGhmysl_A
1378,幕墙和门窗协会,王亚坤,行业,https://mp.weixin.qq.com/s/z2dUTOIlazgnIgTjGt4J7w
1387,英雄三岛,文承聪,行业,https://mp.weixin.qq.com/s/3eKPBLJVhKMN2HvqzGCQbw
1316,厦门交通,文承聪,地市级,https://mp.weixin.qq.com/s/DIKd9QhbNo5YM-8T4sO1ig
1393,英雄三岛,文承聪,行业,https://mp.weixin.qq.com/s/QKaBrYzMEJU7ChNIWNQYmg
1595,厦门自贸区,王亚坤,地市级,file:///D:/360MoveData/Users/风清扬/Documents/WeChat Files/wxid_a5gxaxx192tk22/FileStorage/Temp/e2e26129a8535c92df78b6a78bb9e89.png
1535,南方工报,白占宝,省部级,http://www.nfgb.com.cn/zg/content/mpost_1241058.html
1476,南方工报,丁高洁,省部级,http://wap.nfgb.com.cn/html5/2024-04/25/content_15_25011.htm?curr=
1405,厦门市建设工程质量安全管理协会,文承聪,行业,https://mp.weixin.qq.com/s/TZHuNmXyBc_vhf6_98OmZw
1340,飞行签派员,杨晓晖,行业,https://mp.weixin.qq.com/s/cnId1ZE99TZgWWJ1yp4H8g
1441,中华建设网,迟立刚,中央级,https://www.zhjsw.cn/news/show-49713.html
1271,梅州市人民政府,伍学铁,地市级,https://www.meizhou.gov.cn/zwgk/gzdt/qxdt/content/post_2668866.html
1194,iProperty,赵琥珀,属地省部级,https://www.iproperty.com.my/news/tropicana-begins-construction-on-lido-waterfront-boulevard-in-johor-97365
1560,东方资讯,王亚坤,省部级,https://mini.eastday.com/nsa/240425100210433443946.html?qid=02263&vqid=qid02650
1636,全国基层党建网,丁高洁,中央级,https://www.zgdj71.org.cn/zhonghebaodao/18286.html
1593,厦门广电,王亚坤,地市级,file:///D:/360MoveData/Users/风清扬/Documents/WeChat Files/wxid_a5gxaxx192tk22/FileStorage/Temp/5eb3aacf596e671d6682a40c47b77b6.png
1539,腾讯网,张美怡,省部级,https://new.qq.com/rain/a/20240416A00ACK00
1587,厦门综合广播,王亚坤,地市级,file:///D:/360MoveData/Users/风清扬/Documents/WeChat Files/wxid_a5gxaxx192tk22/FileStorage/Temp/9c984ab06042239d7c2f06e3dbeda5a.png
1634,全国基层党建网,刘楚逸,中央级,https://www.zgdj71.org.cn/yiyuandangjian/18202.html
1549,福建都市网,戴美慧,省部级,http://fujian365.cn/68fb7/8f44105707432.html
1550,福建发布,王亚坤,省部级,file:///D:/360MoveData/Users/风清扬/Documents/WeChat Files/wxid_a5gxaxx192tk22/FileStorage/Temp/06e74ad2076c3840634a54397768dcd.png
1696,海南新闻网,邓讷,省部级,http://binhaics.cn/450/ODk3OTA0MDI=.html
1522,海南新闻网,邓讷,省部级,http://binhaics.cn/450/NzkwOTEyMDI=.html
1512,海南新闻网,邓讷,省部级,http://binhaics.cn/450/Nzg0OTcxNjA=.html
1188,东方online,赵琥珀,属地省部级,https://www.orientaldaily.com.my/news/business/2024/11/01/690220
1185,bmdam,赵琥珀,属地省部级,https://www.instagram.com/bmdam.org.my/p/DB1IxabOmSS/?img_index=1
1546,福建企业网,王亚坤、杨文彬,省部级,http://fj.jkwindows.cn/e10b/b8b91579985.html
1543,福建企业网,王亚坤,省部级,http://fj.jkwindows.cn/e10b/b8b92454453.html
1663,未来网,吕昊临,中央级,https://news.k618.cn/finance/money/202407/t20240711_19772618.html
1459,中国信息报道,王亚坤、杨文彬,中央级,http://xinxibd.tsxxg.cn/62961/aa565414290.html
1199,KLCL,赵琥珀,属地省部级,https://www.pickastock.info/news?id=392866
1454,中国城市新闻网,王亚坤,中央级,http://cncity.hainanhk.cn/a351/1b2013207780.html
1155,广东之声,王聪,省部级,http://fzxinxi.cn/b9b/MTU4NDI3Nzc=.html
1732,广东新闻网,徐晓东,省部级,http://csxxb.cn/e9c/MTI0NjY5MzY4.html
1726,广东新闻网,吕昊临,省部级,http://csxxb.cn/e9c/MTMyMjI0OTEz.html
870,广东新闻网,蔡雯静,省部级,http://csxxb.cn/e9c/MTQ5NzUzNjEw.html
1771,海西晨报,王亚坤,省部级,file:///D:/360MoveData/Users/风清扬/Documents/WeChat Files/wxid_a5gxaxx192tk22/FileStorage/Temp/e3ea42f7845434ac44829508a337b1f.jpg
1563,新浪财经,文承聪,省部级,https://finance.sina.com.cn/jjxw/2024-04-16/doc-inaryssy2807451.shtm
1504,海南都市日报,邓讷,省部级,http://hndsrb.cn/5f3/Nzg0OTcyMDg=.html
1756,广东资讯网,徐晓东,省部级,http://syjinri.cn/529/MTM2NzI0Njc5.html
1747,广东资讯网,徐晓东,省部级,http://syjinri.cn/529/MTM1MjA5Mjk1.html
1638,人民日报,丁高洁,中央级,https://www.peopleapp.com/column/30046218958-500005666489
1530,南方工报,白占宝,省部级,http://www.nfgb.com.cn/zg/content/mpost_1239127.html
1551,福建卫视频道,王亚坤,省部级,https://headline.fjtv.net/haibo4/2024-04-25/5846395.html?_t=1714046029
1322,厦门市住房和建设局,文承聪,地市级,https://mp.weixin.qq.com/s/cRgVrD6ubsn_xt92CMSg8w
1500,海南资讯网,邓讷,省部级,http://hn.cnhuaibei.cn/c711b/69065414360.html
1573,广州青年志愿者,沈芳霞,地市级,https://mp.weixin.qq.com/s?__biz=MzA3MTk1ODYyNQ==&mid=2653373501&idx=1&sn=c4bfe0fbd305bf37090f9f02f3954bdd&chksm=85252727653e86450246be5a91782ab23147fbf759099ae460595ed794d95413c783ece601b3&scene=27
1773,网易新闻,王亚坤,省部级,https://www.163.com/dy/article/J97GJNIT0514R9NP.html
1735,腾讯网,魏曼曼,省部级,https://view.inews.qq.com/k/20240524A07ZG700
1518,海南都市日报,邓讷,省部级,http://hndsrb.cn/5f3/NzkwOTEyMzg=.html
1508,海南海口网,邓讷,省部级,http://hainanhk.cn/9da02/39f65414320.html
1520,海南在线,邓讷,省部级,http://hn.mlzgb.cn/5e3e4/93465909355.html
1736,腾讯网,魏曼曼,省部级,https://new.qq.com/rain/a/20240719A07MYH00
1737,网易新闻,魏曼曼,省部级,https://www.163.com/dy/article/J7FQQR0G0550AXYG.html
1515,海南视窗,邓讷,省部级,http://hainan.huaxiaxun.cn/98670/1413105455008.html
1740,腾讯网,魏曼曼,省部级,https://new.qq.com/rain/a/20240610A07P9P00
1669,中国城市新闻网,魏曼曼,中央级,http://cncity.hainanhk.cn/a351/1b2013675362.html
1672,中国信息报道,魏曼曼,中央级,http://xinxibd.tsxxg.cn/62961/aa568376825.html
1675,中国信息报道,王亚坤,中央级,http://xinxibd.tsxxg.cn/62961/aa574982150.html
2003,黄埔融媒,丁俊峰,地市级,
2029,来知识城呀,丁俊峰,地市级,
1723,广东信息港,吕昊临,省部级,http://gdg.cnxxb.cn/fd9/ODgxNDk5MjQ=.html
1729,广东头条网,徐晓东,省部级,http://gdtt.csxxb.cn/dce37/b0e27704298.html
1547,福建都市网,王亚坤、杨文彬,省部级,http://fujian365.cn/68fb7/8f44104662832.html
1544,福建都市网,王亚坤,省部级,http://fujian365.cn/68fb7/8f44105662224.html
1200,PICKASTOCK,赵琥珀,属地省部级,https://www.google.com/search?q=%E6%9F%94%E4%BD%9B%E4%B8%BD%E9%83%BD%E6%B5%B7%E6%BB%A8%E5%A4%A7%E9%81%93%E9%A6%96%E6%9C%9F%E5%8F%91%E5%B1%95%E4%B8%BE%E8%A1%8C%E5%8A%A8%E5%9C%9F%E7%A4%BC&sca_esv=9844c5af186a16ef&sxsrf=ADLYWII5aI8xYFhkto0reCKt4UKgdJdYFw:1732070084178&ei=xEo9Z-rMCtif4-EPj8iawAk&start=10&sa=N&sstk=ATObxK7U6HCXWGvDecH2mVaYDOxEOelWooi3cLz_pxXmIAns2bMqu2xni2bs9pBa8lt_Nb-9ea4sqwhQY393kype29soh7Lo5h5UxA&ved=2ahUKEwjqvt_w7-mJAxXYzzgGHQ-kBpgQ8tMDegQICBAE&biw=1470&bih=747&dpr=1#vhid=wi4IIF1m6bp_0M&vssid=_uks9Z_C_JeaR4-EP5tSBgA0_31
1724,广东头条网,吕昊临,省部级,http://gdtt.csxxb.cn/dce37/b0e29383310.html
1746,广东头条网,徐晓东,省部级,http://gdtt.csxxb.cn/dce37/b0e30046508.html
1455,中国焦点网,王亚坤,中央级,http://cnjiaodian.dshnews.cn/a575c/e3526415562.html
1727,广东在线,徐晓东,省部级,http://gdzaixian.com.cn/9db4b/3d0f110817176.html
1753,广东之窗,徐晓东,省部级,http://gyjinri.cn/0409c/0c830046522.html
1759,广东之声,徐晓东,省部级,http://fzxinxi.cn/b9b/MTUxOTE2MzQ=.html
1762,广东之声,魏曼曼,省部级,http://fzxinxi.cn/b9b/MTM2NzU0MDM=.html
1765,福建企业网,王亚坤,省部级,http://fj.jkwindows.cn/e10b/b8b107423218.html
1768,福建新闻网,王亚坤,省部级,http://fjxxw.top/ce9/MTQ5OTY0Mjg=.html
2007,我知网,丁高洁,地市级,
2039,花城视觉,李超美,地市级,
1709,海南日报网,邓讷,省部级,http://hainan.hzpol.top/87c/MTQ5NjYwODU=.html
1789,陕西文化网,陈志诚,省部级,http://www.sx.tv56.com.cn/p/52y2y2n.html
1748,广东新闻网,徐晓东,省部级,http://csxxb.cn/e9c/MTM1MjA5MzA0.html
1757,广东新闻网,徐晓东,省部级,http://csxxb.cn/e9c/MTM2NzI0Njg4.html
1665,中国企业新闻网,徐晓东,中央级,http://cnqiye.top/3aa/feb41556462.html
1798,陕西在线,陈志诚,省部级,http://ccjinri.cn/fc894/e9475644765.html
1804,陕西文化网,陈志诚,省部级,http://www.sx.tv56.com.cn/p/9pzpzpm.html
1718,海南大新闻网,邓讷,省部级,http://hainan.dacnnews.cn/87c/MTM0Njk0ODM3.html
1698,海南热线,邓讷,省部级,http://hainan.fa115.cn/7751/1b7104755483.html
1813,陕西在线,陈志诚,省部级,http://ccjinri.cn/fc894/e9475644785.html
1506,海南在线,邓讷,省部级,http://hn.mlzgb.cn/5e3e4/93465414330.html
1819,陕西文化网,陈志诚,省部级,http://www.sx.tv56.com.cn/p/wopopoz.html
1828,陕西在线,陈志诚,省部级,http://ccjinri.cn/fc894/e9475644735.html
1834,陕西文化网,陈志诚,省部级,http://www.sx.tv56.com.cn/p/6zgzgz3.html
1843,陕西在线,陈志诚,省部级,http://ccjinri.cn/fc894/e9475644715.html
1849,陕西文化网,陈志诚,省部级,http://www.sx.tv56.com.cn/p/vjgjgj0.html
1712,海南新闻网,邓讷,省部级,http://binhaics.cn/450/ODk3OTY1MjI=.html
2140,和讯房产,廖文斌,行业,https://house.hexun.com/2024-07-11/213530619.html
1703,海南新闻网,邓讷,省部级,http://binhaics.cn/450/ODk3OTY0NTY=.html
1858,陕西在线,陈志诚,省部级,http://ccjinri.cn/fc894/e9475644625.html
2106,厦门广电,王亚坤,地市级,file:///D:/360MoveData/Users/风清扬/Documents/WeChat Files/wxid_a5gxaxx192tk22/FileStorage/Temp/0124e33851656efff0268241dad1232.png
1509,海南信息网,邓讷,省部级,http://dhnnews.cn/b3d19/31426165726.html
1864,陕西文化网,陈志诚,省部级,http://www.sx.tv56.com.cn/p/q2b2q3p.html
1787,陕西热线,陈志诚,省部级,http://www.sx.hcpit.org/news/zm0g263.html
1873,陕西在线,陈志诚,省部级,http://ccjinri.cn/fc894/e9475644605.html
1879,陕西文化网,陈志诚,省部级,http://www.sx.tv56.com.cn/p/b6j6vmy.html
1521,海南都市,邓讷,省部级,http://hainan.mlzgb.cn/563b3/53326363740.html
1779,陕西在线,陈志诚,省部级,http://ccjinri.cn/fc894/e9475644805.html
2138,观点机构,彭浩然,行业,https://www.163.com/dy/article/J6RHCDLD0519D45U.html
1888,陕西在线,陈志诚,省部级,http://ccjinri.cn/fc894/e9475643585.html
1894,陕西文化网,陈志诚,省部级,http://www.sx.tv56.com.cn/p/52y2mzv.html
1903,陕西在线,陈志诚,省部级,http://ccjinri.cn/fc894/e9475643550.html
1909,陕西文化网,陈志诚,省部级,http://www.sx.tv56.com.cn/p/n2y2kbm.html
1918,陕西在线,陈志诚,省部级,http://ccjinri.cn/fc894/e9475638030.html
2162,资深品牌人李亮,丁俊峰、任浩霖,行业,
1924,陕西文化网,陈志诚,省部级,http://www.sx.tv56.com.cn/p/8gjgko0.html
1933,陕西在线,陈志诚,省部级,http://ccjinri.cn/fc894/e9475636010.html
1939,陕西文化网,陈志诚,省部级,http://www.sx.tv56.com.cn/p/8gjgknr.html
1802,陕西热线,陈志诚,省部级,http://www.sx.hcpit.org/news/jg56vro.html
1948,陕西在线,陈志诚,省部级,http://ccjinri.cn/fc894/e9475635485.html
1954,陕西文化网,陈志诚,省部级,http://www.sx.tv56.com.cn/p/g232b6d.html
1963,陕西在线,陈志诚,省部级,http://ccjinri.cn/fc894/e9475635465.html
1969,陕西文化网,陈志诚,省部级,http://www.sx.tv56.com.cn/p/n2y2kvy.html
1832,陕西热线,陈志诚,省部级,http://www.sx.hcpit.org/news/dm3dvyn.html
1847,陕西热线,陈志诚,省部级,http://www.sx.hcpit.org/news/4vjgrq2.html
1978,陕西在线,陈志诚,省部级,http://ccjinri.cn/fc894/e9475635445.html
1892,陕西热线,陈志诚,省部级,http://www.sx.hcpit.org/news/vpnrp2j.html
1984,陕西文化网,陈志诚,省部级,http://www.sx.tv56.com.cn/p/8gjgkz9.html
1993,陕西在线,陈志诚,省部级,http://ccjinri.cn/fc894/e9475635425.html
1817,陕西热线,陈志诚,省部级,http://www.sx.hcpit.org/news/g9p4vyk.html
1999,陕西文化网,陈志诚,省部级,http://www.sx.tv56.com.cn/p/22j2b8p.html
1967,陕西热线,陈志诚,省部级,http://www.sx.hcpit.org/news/53opj4o.html
1877,陕西热线,陈志诚,省部级,http://www.sx.hcpit.org/news/vpnrpoz.html
1922,陕西热线,陈志诚,省部级,http://www.sx.hcpit.org/news/qw3zjbm.html
1907,陕西热线,陈志诚,省部级,http://www.sx.hcpit.org/news/r90doyr.html
1752,广东之声,徐晓东,省部级,http://fzxinxi.cn/b9b/MTUwMjMyNjA=.html
1730,广东资讯网,徐晓东,省部级,http://syjinri.cn/529/MTI0NjY5MzUw.html
1548,福建企业网,戴美慧,省部级,http://fj.jkwindows.cn/e10b/b8b92494010.html
2251,中国企业网,黄婵萍,中央级,https://www.zqcn.com.cn/886/68084.html
1725,广东资讯网,吕昊临,省部级,http://syjinri.cn/529/MTMyMjI0OTA0.html
1862,陕西热线,陈志诚,省部级,http://www.sx.hcpit.org/news/y5kz56b.html
1760,广东新闻网,魏曼曼,省部级,http://csxxb.cn/e9c/MTIzMDc4NjAw.html
2290,网易号,杨晓晖,省部级,https://www.163.com/dy/article/JBLKDUG00514H8NQ.html
1766,福建新闻网,王亚坤,省部级,http://fjxxw.top/ce9/MTUzNDYxNzM=.html
2233,中国新闻在线,朱莹、邓讷,中央级,http://www.xwbwin.com/a/guona/20241008/93484.html
2318,广东建设发布,丁俊峰,省部级,
1952,陕西热线,陈志诚,省部级,http://www.sx.hcpit.org/news/g9p4nby.html
2305,网易号,丁俊峰,省部级,https://m.163.com/dy/article/JCMOEUAV0550AXYG.html
1937,陕西热线,陈志诚,省部级,http://www.sx.hcpit.org/news/82d5mkz.html
1982,陕西热线,陈志诚,省部级,http://www.sx.hcpit.org/news/dm3dn62.html
2184,人民日报,刘冠林,中央级,https://www.peopleapp.com/rmharticle/30046672292
1790,陕西信息网,陈志诚,省部级,http://www.sx.0391xxw.cn/html/mzqzqzo.html
1758,广东信息网,徐晓东,省部级,http://gd.cnsprb.cn/49657/8da75958165.html
2323,腾讯网,杨晓晖,省部级,https://new.qq.com/rain/a/20241003A03GMT00
1805,陕西信息网,陈志诚,省部级,http://www.sx.0391xxw.cn/html/4252522.html
2329,腾讯网,杨晓晖,省部级,https://new.qq.com/rain/a/20241014A06URL00
2273,人民政协网,唐良桥,中央级,https://www.rmzxb.com.cn/c/2024-09-29/3612409.shtml?n2m=1
1997,陕西热线,陈志诚,省部级,http://www.sx.hcpit.org/news/605jom6.html
2235,中研网,朱莹、邓讷,中央级,https://finance.chinairn.com/News/2024/10/08/134948517.html
2330,网易号,杨晓晖,省部级,https://www.163.com/dy/article/JEFSTEPG055671ED.html
2307,腾讯网,丁俊峰,省部级,https://new.qq.com/rain/a/20240922A03F8300
1820,陕西信息网,陈志诚,省部级,http://www.sx.0391xxw.cn/html/d2g2g2n.html
2313,鲁网,刘冠林,省部级,https://f.sdnews.com.cn/syxx/202409/t20240923_4436418.htm
1835,陕西信息网,陈志诚,省部级,http://www.sx.0391xxw.cn/html/q2b2b24.html
2289,腾讯网,杨晓晖,省部级,https://new.qq.com/rain/a/20240909A06CQI00
2425,福建省人民政府,文承聪,省部级,https://www.fj.gov.cn/zwgk/ztzl/gjcjgxgg/dt/202410/t20241007_6538814.htm
2328,腾讯网,杨晓晖,省部级,https://new.qq.com/rain/a/20241013A06AYK00
1844,陕西之声,陈志诚,省部级,http://shanxi.mlzgb.cn/fcb/MTM2MTYwNDk2.html
2016,广州南沙经济技术开发区投资促进局,彭浩然,地市级,https://www.gzns.gov.cn/gznsjkqtzcjj/gkmlpt/content/9/9757/post_9757445.html#16249
1850,陕西信息网,陈志诚,省部级,http://www.sx.0391xxw.cn/html/b6j6j68.html
2413,腾讯网,文承聪,省部级,https://new.qq.com/rain/a/20241004A02F1T00
1865,陕西信息网,陈志诚,省部级,http://www.sx.0391xxw.cn/html/vjgjmn8.html
1788,陕西网,陈志诚,省部级,http://www.sx.hebgdhht.com/article/82d5y0n.html
2429,腾讯网,文承聪,省部级,https://news.qq.com/rain/a/20241015A02E4400
2423,网易网,文承聪,省部级,https://www.163.com/dy/article/JDSQGKSM0514R9NP.html
1880,陕西信息网,陈志诚,省部级,http://www.sx.0391xxw.cn/html/ymnm462.html
2424,云南网,文承聪,省部级,https://society.yunnan.cn/system/2024/10/07/033256472.shtml
1895,陕西信息网,陈志诚,省部级,http://www.sx.0391xxw.cn/html/mzqzbr5.html
2417,腾讯网,文承聪,省部级,https://new.qq.com/rain/a/20241007A018FK00
2489,知识城我知晒,丁俊峰,地市级,
1800,上海热线网(未知),陈志诚,省部级,http://lushanghai.cn/558/MTUxMjg5NTU=.html
1910,陕西信息网,陈志诚,省部级,http://www.sx.0391xxw.cn/html/22j2bdq.html
1919,陕西之声,陈志诚,省部级,http://shanxi.mlzgb.cn/fcb/MTM2MTQ5MzYz.html
2448,住宅法务网,丁俊峰,地市级,http://zhuz.fwfw.org.cn/show-59847.html
2412,腾讯网,文承聪,省部级,https://new.qq.com/rain/a/20241009A0552N00
1925,陕西信息网,陈志诚,省部级,http://www.sx.0391xxw.cn/html/zdnd54o.html
2486,广州日报,杨晓晖,地市级,https://news.qq.com/rain/a/20241011A04MRW00
1940,陕西信息网,陈志诚,省部级,http://www.sx.0391xxw.cn/html/zdnd5rq.html
2460,腾讯网,杨晓晖,地市级,https://news.qq.com/rain/a/20240904A06E7500
1803,陕西网,陈志诚,省部级,http://www.sx.hebgdhht.com/article/om4o3yy.html
1955,陕西信息网,陈志诚,省部级,http://www.sx.0391xxw.cn/html/p2n28k9.html
2256,中国城市新闻网,刘芳,中央级,http://cncity.hainanhk.cn/a351/1b2016624102.html
2375,广东之声,黄婵萍,省部级,http://fzxinxi.cn/b9b/MTUyNjU0MDk=.html
2266,中国城市新闻网,廖继红,中央级,http://cncity.hainanhk.cn/a351/1b2016656780.html
2240,中国城市新闻网,刘芳,中央级,http://cncity.hainanhk.cn/a351/1b2016271646.html
2399,广东之声,唐良桥,省部级,http://fzxinxi.cn/b9b/MTY1MTI5NDA=.html
1970,陕西信息网,陈志诚,省部级,http://www.sx.0391xxw.cn/html/22j2bp3.html
2263,中华建设网,廖继红,中央级,https://www.zhjsw.cn/news/show-54099.html
2269,中华建设网,徐立军,中央级,https://www.zhjsw.cn/news/show-54097.html
2242,中国信息报道网,刘芳,中央级,http://xinxibd.tsxxg.cn/62961/aa581358240.html
1833,陕西网,陈志诚,省部级,http://www.sx.hebgdhht.com/article/wjz3q6z.html
2496,知识城ing,丁俊峰,地市级,
1848,陕西网,陈志诚,省部级,http://www.sx.hebgdhht.com/article/92wmkqm.html
1893,陕西网,陈志诚,省部级,http://www.sx.hebgdhht.com/article/qw3zwvz.html
1985,陕西信息网,陈志诚,省部级,http://www.sx.0391xxw.cn/html/zdnd5o4.html
2247,中华建设网,黄婵萍,中央级,https://www.zhjsw.cn/news/show-52601.html
1818,陕西网,陈志诚,省部级,http://www.sx.hebgdhht.com/article/pdr5v6g.html
2000,陕西信息网,陈志诚,省部级,http://www.sx.0391xxw.cn/html/k2326nk.html
1968,陕西网,陈志诚,省部级,http://www.sx.hebgdhht.com/article/om4ogkg.html
2472,知识城我知晒,丁俊峰,地市级,
1878,陕西网,陈志诚,省部级,http://www.sx.hebgdhht.com/article/bo45opr.html
2257,中国企业报道网,刘芳,中央级,http://qiye.cjfwb.com/76a9/d32516624104.html
1923,陕西网,陈志诚,省部级,http://www.sx.hebgdhht.com/article/605jogk.html
1908,陕西网,陈志诚,省部级,http://www.sx.hebgdhht.com/article/33p8gnr.html
2196,光明网,杨晓晖,中央级,https://www.msn.cn/zh-cn/news/other/%E9%A2%84%E8%AE%A1%E6%98%8E%E5%B9%B4%E9%80%9A%E8%88%AA-%E5%85%A8%E7%90%83%E6%9C%80%E5%A4%A7%E5%8D%95%E4%BD%93%E6%9C%BA%E5%9C%BA%E5%B0%B1%E5%9C%A8%E5%B9%BF%E5%B7%9E/ar-AA1shjqS?ocid=BingNewsSerp
2264,中国企业网,廖继红,中央级,https://www.zqcn.com.cn/135/73490.html
2280,中华建设网,唐良桥,中央级,https://www.zhjsw.cn/jianshezhishu/show.php?itemid=2066
2569,鲁网财经频道,唐良桥,地市级,https://f.sdnews.com.cn/syxx/202409/t20240929_4439708.htm
2642,光明日报,覃春晖,中央级,"
1731,广东都市,徐晓东,省部级,http://lzdushi.cn/604/ODMxMTI5MDY=.html
2252,中国市场调查网,黄婵萍,中央级,http://www.cmrn.cmsapis.com/view/article.aspx?noce_str=86e9f5c3-d93b-45f2-9edb-3e18b113453c&article_filepath=%2fcms%2f2024%2f08%2f05%2faeb0437c5d.shtml
1905,上海热线网(未知),陈志诚,省部级,http://lushanghai.cn/558/MTUxMjg3MTQ=.html
1863,陕西网,陈志诚,省部级,http://www.sx.hebgdhht.com/article/bo45omr.html
2665,中国新闻在线,邓讷,中央级,http://www.xwbwin.com/a/guona/20240909/93221.html
2668,中国品牌新闻网,邓讷,中央级,http://www.ppxw.net/kuaixun/20240909/4701.html
2662,中国文促网,邓讷,中央级,http://www.eco-gecpa.net/news/2024/0909/2167.html
2592,AI万全harbor,丁俊峰,行业,
2285,人民资讯,文承聪,中央级,https://www.msn.cn/zh-cn/news/other/%E5%8E%A6%E9%97%A8%E7%BF%94%E5%AE%89%E6%9C%BA%E5%9C%BA%E8%88%AA%E7%AB%99%E6%A5%BC%E5%AE%B9%E9%A2%9C%E5%88%9D%E5%B1%95/ar-AA1sgzH1?ocid=BingNewsSerp
1767,福建企业网,王亚坤,省部级,http://fj.jkwindows.cn/e10b/b8b104975003.html
2638,南方工报,丁俊峰,中央级,https://wap.nfgb.com.cn/html5/2024-08/07/node_1.htm?v=1
2335,广东资讯网,刘楚逸,省部级,http://syjinri.cn/529/MTQ1NzUzMjYz.html
2341,广东头条网,吕昊临,省部级,http://gdtt.csxxb.cn/dce37/b0e33024940.html
1953,陕西网,陈志诚,省部级,http://www.sx.hebgdhht.com/article/pdr5p8v.html
1938,陕西网,陈志诚,省部级,http://www.sx.hebgdhht.com/article/zm0gk5y.html
1983,陕西网,陈志诚,省部级,http://www.sx.hebgdhht.com/article/mowpnyp.html
2613,湾区财富通,丁俊峰,行业,
2610,广州民营科技园,李杰,行业,
2640,学习强国,丁高洁,中央级,百灵·炫|广州举办粤港澳大湾区建设劳动和技能竞赛推进会 (xuexi.cn)
2362,广东头条网,徐立军,省部级,http://gdtt.csxxb.cn/dce37/b0e32437272.html
2371,广东资讯网,黄婵萍,省部级,http://syjinri.cn/529/MTM3Mzg4NjQ1.html
2383,广东新闻网,徐立军,省部级,http://csxxb.cn/e9c/MTQ5NjE2OTYz.html
2334,广东头条网,刘楚逸,省部级,http://gdtt.csxxb.cn/dce37/b0e32389612.html
1998,陕西网,陈志诚,省部级,http://www.sx.hebgdhht.com/article/33p8gj0.html
2392,广东头条网,唐良桥,省部级,http://gdtt.csxxb.cn/dce37/b0e33025864.html
2208,人民政协网,吕昊临,中央级,https://www.rmzxb.com.cn/c/2024-10-08/3614907.shtml
2743,网易,刘楚逸,省部级,https://www.163.com/dy/article/JC2A3HHP0553KK27.html
2773,网易新闻,廖继红,省部级,https://www.163.com/dy/article/JAQ1L5220534JJCG.html
2637,南方工报,丁俊峰,中央级,http://wap.nfgb.com.cn/html5/2024-08/07/node_1.htm?v=1&curr=1
2703,广东省总工会,丁俊峰,省部级,
2421,北青网,文承聪,省部级,https://www.msn.cn/zh-cn/news/other/%E5%81%87%E6%9C%9F%E4%B8%8D%E5%81%9C%E5%B7%A5-%E7%A6%8F%E5%BB%BA%E7%9C%81%E9%87%8D%E5%A4%A7%E9%A1%B9%E7%9B%AE%E5%8F%91%E6%8C%A5-%E5%8A%A0%E9%80%9F%E5%99%A8-%E6%95%88%E5%BA%94/ar-AA1rNSFn
2382,广东头条网,徐立军,省部级,http://gdtt.csxxb.cn/dce37/b0e33248212.html
2633,人民日报,丁俊峰,中央级,https://www.peopleapp.com/column/30046145432-500005649109
2370,广东头条网,黄婵萍,省部级,http://gdtt.csxxb.cn/dce37/b0e30530808.html
2691,中国经济智库,邓讷,中央级,https://zixun.jingjizk.net/350941.html
2646,人民日报,刘冠林,中央级,https://www.peopleapp.com/rmharticle/30046672292
2878,我知网,彭浩然,行业,
2879,我知网,丁高洁,行业,
2742,网易,刘楚逸,省部级,https://www.163.com/dy/article/JC2I09EP05563IC5.html
2887,住宅法务网,丁俊峰,行业,http://zhuz.fwfw.org.cn/show-59847.html
2492,知识城一商通,丁俊峰,地市级,https://mp.weixin.qq.com/s/5LZZBC_HEZlGPHUomyS8Qw
2720,腾讯网,丁俊峰,省部级,https://new.qq.com/rain/a/20240922A03F8300
2560,深圳热线,唐良桥,地市级,http://cnszrx.cn/ffc/MTQ4NjE2Mzcw.html
2563,魅力深圳网,唐良桥,地市级,http://news.gzxxrb.cn/490a/147f16512952.html
2566,深圳门户网,唐良桥,地市级,http://info.zgcsv.cn/9beca/96082564775.html
2811,新快网,覃春晖,地市级,"
2403,广东之窗,唐良桥,省部级,http://gyjinri.cn/0409c/0c833025890.html
2528,梅州微通网络,廖继红,地市级,https://mp.weixin.qq.com/s/KWnhPIV0nxiBklF04AQfwg
2617,同花顺财经,马松涛,行业,http://news.10jqka.com.cn/20241012/c662359694.shtml
2576,业翔民安,文承聪,地市级,https://mp.weixin.qq.com/s/9DZoBTrxZbCkj8-CQUxBXQ
2877,我知网,丁俊峰,行业,
2258,中国信息报道网,刘芳,中央级,http://xinxibd.tsxxg.cn/62961/aa583120525.html
2718,网易号,丁俊峰,省部级,https://m.163.com/dy/article/JCMOEUAV0550AXYG.html
2372,广东新闻网,黄婵萍,省部级,http://csxxb.cn/e9c/MTM3Mzg4NjU0.html
2783,广东新闻网,廖继红,省部级,http://csxxb.cn/e9c/MTQzNjczODQw.html
2706,粤工会,丁俊峰,省部级,
2686,建筑中国,邓讷,中央级,http://cnbuild.com.cn/zixun/490.html
2409,八闽国资,文承聪,省部级,https://mp.weixin.qq.com/s/j9vJZT5ZHFfdunLMEbiIAQ
2924,全国基层党建网,丁高洁,中央级,https://www.zgdj71.org.cn/zhonghebaodao/17136.html
2736,腾讯新闻,覃春晖,省部级,https://new.qq.com/rain/a/20240804A07CCN00?suid=&media_id=
2595,机械工业第六设计研究院有限公司,刘冠林,行业,https://mp.weixin.qq.com/s/ttEahuOkceQRJKF4p0YuiA
2336,广东都市网,刘楚逸,省部级,http://lzdushi.cn/604/OTcxNjg4NDg=.html
2342,广东资讯网,吕昊临,省部级,http://syjinri.cn/529/MTQ4NjEyMjM5.html
2752,海南新闻网,邓讷,省部级,http://binhaics.cn/450/OTY1NzcxNTI=.html
2746,广东资讯网,刘楚逸,省部级,http://syjinri.cn/529/MTQ1NzUzMjYz.html
2363,广东资讯网,徐立军,省部级,http://syjinri.cn/529/MTQ1OTY3NzMz.html
2764,广东资讯网,徐晓东,省部级,http://syjinri.cn/529/MTQwODgwODM0.html
2770,广东头条网,吕昊临,省部级,http://gdtt.csxxb.cn/dce37/b0e30413610.html
2547,三乡发布,屈建华,地市级,https://mp.weixin.qq.com/s/UxDi-L2NEHH929VgpmigaA
2469,知识城ing,丁俊峰,地市级,https://mp.weixin.qq.com/s/KvmKexpp4PKbw4ul5mTqNw
2384,广东之声,徐立军,省部级,http://fzxinxi.cn/b9b/MTY2MjQxMDg=.html
2393,广东都市,唐良桥,省部级,http://lzdushi.cn/604/OTkwNzc1OTg=.html
2550,中山市生态环境局,屈建华,地市级,https://mp.weixin.qq.com/s/k9CShL4CIOiD4K8ARj4aTw
2780,广东头条网,廖继红,省部级,http://gdtt.csxxb.cn/dce37/b0e31927512.html
3028,网易,张泽,省部级,https://www.163.com/dy/article/J5MB91D60514A1CA.html
2842,横琴民生,刘楚逸,地市级,https://mp.weixin.qq.com/s/ZZB1N0DcFdegqepHlj0bqg
2745,广东头条网,刘楚逸,省部级,http://gdtt.csxxb.cn/dce37/b0e32389612.html
2621,陆路新视界,刘芳,行业,https://mp.weixin.qq.com/s/3MzNflkE-X5FnGH2X4z4HQ
2583,厦门交通,文承聪,地市级,https://mp.weixin.qq.com/s/0vkugT_P3UD67WA1VmpoDQ?poc_token=HOSJDGejPIww7wUGsIXOdGvdtVws66Q9RZMI2zoY
2884,华南工程项目库,李赛闯,行业,https://mp.weixin.qq.com/s/6-RGVtyirTNpXY8Eju3bpg
2888,房地产法务网,丁俊峰,行业,http://fdc.fzxfb.org.cn/show-55577.html
2858,厦门日报房产头条,文承聪,地市级,https://mp.weixin.qq.com/s/V2xIrD67rwhmv9WJkbK_pw
2890,机械工业第六设计研究院有限公司,刘冠林,行业,https://mp.weixin.qq.com/s/ttEahuOkceQRJKF4p0YuiA
2837,东方财富网,覃春晖,地市级,https://caifuhao.eastmoney.com/news/20240808113939242571670
2893,广医一院横琴医院,刘楚逸,行业,https://mp.weixin.qq.com/s/UeHB3oDSeMkbyjW3BRPi9w
2589,业翔民安,文承聪,地市级,https://mp.weixin.qq.com/s/kxCVOVAM92bQ-saaPHK3sQ
2896,易可道智库,刘楚逸,行业,https://mp.weixin.qq.com/s/bNM6HWJR1PXyrLDAOvIpUA
2793,广州12345,李超美,地市级,https://mp.weixin.qq.com/s/OwDNsY8GzslGXLD3zeYs5g
2493,中新广州知识城,丁俊峰,地市级,https://mp.weixin.qq.com/s/yjB_4pBHWsMKt7RPFO8Ocg
2846,梅平见闻,廖继红,地市级,https://mp.weixin.qq.com/s/jfhlefFITFWh46Vi3ujmxA
2943,人民日报,廖文斌,中央级,https://www.peopleapp.com/column/30045797831-500005575083
2781,广东资讯网,廖继红,省部级,http://syjinri.cn/529/MTQzNjczODEz.html
2771,广东资讯网,吕昊临,省部级,http://syjinri.cn/529/MTM2ODYxMjU0.html
2561,深圳之窗,唐良桥,地市级,http://win.cnszrx.cn/06951/11ab132103496.html
2564,深圳报道网,唐良桥,地市级,http://info.guangzhoujr.cn/6c0/MTQ4NjE2NTc3.html
3058,网易,张泽,省部级,https://www.163.com/dy/article/J5PPE7BG0519C7QE.html
2829,huangputong21,刘冠林,地市级,https://mp.weixin.qq.com/s/d1Llic7egJyqnio0Nl7jkw
2529,兴乐社区党群服务中心,程涛玲,地市级,https://mp.weixin.qq.com/s/bET9OXJYdodufYMCLtGm4Q
2832,知识城集团,刘冠林,地市级,https://mp.weixin.qq.com/s/Dcu9rUleeXX9cgvMX2R1-A
3040,网易,张泽,省部级,https://www.163.com/dy/article/J5MU4R680519D45U.html
2930,中工网,沈芳霞,中央级,https://www.workercn.cn/c/2024-06-27/8292177.shtml
3049,网易网,张泽,省部级,https://www.163.com/dy/article/J5NO5S3M05129QAF.html
3041,网易,张泽,省部级,https://www.163.com/dy/article/J5MJ0PLA0514G11E.html
2987,中国网,王亚坤,中央级,http://life.china.com.cn/gonggao/zixun/detail2_2024_06/20/4427831.html
2577,厦门日报,文承聪,地市级,https://mp.weixin.qq.com/s/fgoAsPUmzgq7kVluDB-STQ
2962,中国企业网,白占宝,中央级,https://www.zqcn.com.cn/127/63502.html
2259,中国大观网,刘芳,中央级,http://cndaguan.cn/338/MTY2MjQxMDM=.html
2850,梅州日报,廖继红,地市级,https://mzrb.meizhou.cn/html/2024-09/01/content_364225.htm
3091,齐鲁网,丁俊峰,省部级,http://news.iqilu.com/china/gedi/2024/0704/5679531.shtml
2868,业翔民安,文承聪,地市级,https://mp.weixin.qq.com/s/FqRtauTn2TGhhiGf4LwC7A
3088,网易网,丁俊峰,省部级,https://www.163.com/dy/article/J68T7VJ40514R9KQ.html
3085,网易网,丁俊峰,省部级,https://www.163.com/dy/article/J6823CQM0530X1OV.html
3026,网易,张泽,省部级,https://www.163.com/dy/article/J5MHAV3D0550AXYG.html
2980,中国城市新闻网,王亚坤,中央级,http://cncity.hainanhk.cn/a351/1b2014145726.html
2874,厦门海西招商服务中心,文承聪,地市级,https://mp.weixin.qq.com/s/a8XMmq-wdG_lWqTCStMEbw
3106,网易,廖文斌,省部级,https://www.163.com/dy/article/J6P6DDAM0550AXYG.html
3086,网易网,丁俊峰,省部级,https://www.163.com/dy/article/J67E91CI0519D45U.html
2790,海峡导报,文承聪,省部级,https://mp.weixin.qq.com/s/1ZosCEM2GMO7dRxxTxuFUw
2784,广东都市,廖继红,省部级,http://lzdushi.cn/604/OTU3ODI1NTQ=.html
2834,拉米尼特,杨晓晖,地市级,https://mp.weixin.qq.com/s/iuTr9G5F2AXQnP9r3r2NRA
3122,东方财富网,廖文斌,省部级,"https://finance.eastmoney.com/news/1355
3001,环球旅讯,文承聪,中央级,https://www.traveldaily.cn/express/182743
2870,业翔民安,文承聪,地市级,https://mp.weixin.qq.com/s/DKSJiJ9AnVV8TmUl8bzhGg
3095,网易,丁俊峰,省部级,https://www.163.com/dy/article/J69C0C6S0530X1OV.html
3169,南方工报纸媒,白占宝,省部级,http://wap.nfgb.com.cn/html5/2024-06/21/node_15.htm?curr=0
2975,中国信息报道网,王亚坤,中央级,http://xinxibd.tsxxg.cn/62961/aa573887395.html
3217,海西晨报,王亚坤,省部级,file:///D:/360MoveData/Users/风清扬/Documents/WeChat Files/wxid_a5gxaxx192tk22/FileStorage/Temp/17fab99a27f15861e8cd1b17c10f156.png
2337,广东新闻网,刘楚逸,省部级,http://csxxb.cn/e9c/MTQ1NzUzMjgx.html
2343,广东都市网,吕昊临,省部级,http://lzdushi.cn/604/OTkwNzQ4MzI=.html
3113,网易,廖文斌,省部级,https://www.163.com/dy/article/J6RCGGS50519D45U.html
3170,南方工报,白占宝,省部级,http://wap.nfgb.com.cn/html5/2024-06/25/content_12_26446.htm
3102,网易,廖文斌,省部级,https://www.163.com/dy/article/J6OMAS6P05129QAF.html
2753,魅力海南,邓讷,省部级,http://meili.dhnnews.cn/7b0/OTY1NzcyMTI=.html
2966,中国网,吕昊临,中央级,https://hsqz.china.com.cn/m/wap-article-64489.html
3024,广东省人民政府,张泽,省部级,http://www.gd.gov.cn/gdywdt/zwzt/ygadwq/rlt/content/post_4446187.html
3042,腾讯网,张泽,省部级,https://new.qq.com/rain/a/20240627A03NLS00
3158,云南网,邓讷,省部级,https://m.yunnan.cn/system/2024/06/26/033118032.shtml
2747,广东都市网,刘楚逸,省部级,http://lzdushi.cn/604/OTcxNjg4NDg=.html
3016,新快报,李辉,省部级,https://www.xkb.com.cn/articleDetail/322339
3179,网易新闻,白占宝,省部级,https://www.163.com/dy/article/J5F4FH440552JQ8A.html
3092,腾讯网,丁俊峰,省部级,https://new.qq.com/rain/a/20240704A04YXX00
2364,广东新闻网,徐立军,省部级,http://csxxb.cn/e9c/MTQ1OTY3NzQy.html
3066,网易,张泽,省部级,https://www.163.com/dy/article/J5U572UB0514R9NP.html
3021,南方工报,沈芳霞,省部级,http://wap.nfgb.com.cn/html5/2024-06/27/content_14_26505.htm?curr=
3171,南方工报纸媒,白占宝,省部级,http://wap.nfgb.com.cn/html5/2024-06/25/node_12.htm
2765,广东新闻网,徐晓东,省部级,http://csxxb.cn/e9c/MTQwODgwODQz.html
3168,南方工报,白占宝,省部级,http://wap.nfgb.com.cn/html5/2024-06/21/content_15_26352.htm
3116,腾讯网,廖文斌,省部级,https://new.qq.com/rain/a/20240710A0A0Q600
2394,广东新闻网,唐良桥,省部级,http://csxxb.cn/e9c/MTQ4NjE2NDA2.html
3232,海西晨报,文承聪,省部级,https://new.qq.com/rain/a/20240702A017FB00
3349,来知识城呀,丁俊峰,地市级,
3350,知识城发展,丁俊峰,地市级,
3351,知识城发展,丁俊峰,地市级,
3233,网易,文承聪,省部级,https://www.163.com/dy/article/J611IV8C0514R9KQ.html
3090,腾讯网,丁俊峰,省部级,https://new.qq.com/rain/a/20240704A02ETG00
3286,佛山好房子,张泽,地市级,https://www.douyin.com/note/7385085227212836105
3003,网易,张泽,省部级,https://www.163.com/dy/article/J505E7GF0515U01J.html
3238,福建省商务厅,文承聪,省部级,https://swt.fujian.gov.cn/xxgk/jgzn/jgcs/kgc/gzdt/202407/t20240710_6481694.htm
3227,福建省电视台,文承聪,省部级,https://www.fjtv.net/haibo4/folder335/2024-07-04/5985031.html?_t=1720072942
3229,腾讯网,文承聪,省部级,https://new.qq.com/rain/a/20240701A044QA00
3119,腾讯,廖文斌,省部级,https://new.qq.com/rain/a/20240711A08JW700
3228,福建网络广播电视台,文承聪,省部级,https://www.fjtv.net/folder335/2024-07-01/5978580.html
3374,黄埔生活汇,丁俊峰,地市级,
2885,保达建筑机械,李赛闯,行业,https://mp.weixin.qq.com/s/zQm437tDkpI50DoOqF2kqw
2859,鹭岛网事,文承聪,地市级,https://mp.weixin.qq.com/s/y-mtyAe_kYNIbo3e3rTVEw
3156,云南网,邓讷,省部级,http://society.yunnan.cn/system/2024/06/21/033110477.shtml
2891,卫企协绿色医疗建筑建材分会,刘冠林,行业,https://mp.weixin.qq.com/s/mOb39byCqs6b-hAbl2lcRw
2897," 德佑滨海天际",刘楚逸,行业,https://mp.weixin.qq.com/s/opUzHj_57oNFzlqTvjeqZA
3196,广东都市,程维格,省部级,http://lzdushi.cn/604/ODY5MTM2NjA=.html
3126,腾讯网,廖文斌,省部级,https://new.qq.com/rain/a/20240711A04OTA00
2772,广东新闻网,吕昊临,省部级,http://csxxb.cn/e9c/MTM2ODYxMjYz.html
2562,深圳都市网,唐良桥,地市级,http://szdushi.top/c1c/0a549538832.html
2565,深圳观察网,唐良桥,地市级,http://info.mdjrx.cn/11a9d/9571132103632.html
2994,中华建设网,赵琥珀,中央级,https://www.zhjsw.cn/news/show-51375.html
3221,海博TV,文承聪,省部级,https://www.fjtv.net/haibo4/haibo5/folder8565/folder8568/2024-07-01/5979173.html?_t=1719840149#_hgOutLink=news/NewsDetail&id=5979173
3255,湛江日报,李辉,地市级,
3353,冲哥说产业招商,丁俊峰,地市级,
3000,人民资讯,文承聪,中央级,https://www.msn.cn/zh-cn/news/other/%E6%96%B0%E6%9C%BA%E5%9C%BA%E7%A9%BF-%E9%98%B2%E6%B0%B4%E8%A1%A3/ar-BB1pdAnn?ocid=BingNewsSerp
3203,广东头条网,徐晓东,省部级,http://gdtt.csxxb.cn/dce37/b0e29019074.html
3193,广东头条网,程维格,省部级,http://gdtt.csxxb.cn/dce37/b0e28971214.html
3502,Evellllllyn,丁俊峰,行业,
3246,华澳星空网,张泽,地市级,https://www.sports.cn/cydt/gldt/2024/0620/605934.html
3148,海南都市日报,邓讷,省部级,http://hndsrb.cn/5f3/ODU2MTM2NDA=.html
3490,睿思网,张泽,行业,http://app.myzaker.com/news/article.php?pk=667d16078e9f093f7609ff69
3392,和讯房产,廖文斌,地市级,https://house.hexun.com/2024-07-11/213530672.html
3500,剑指十方,丁俊峰,行业,
3501,Real.Estate.Agent.in.Guangzhou,丁俊峰,行业,
3182,广东资讯网,吕昊临,省部级,http://syjinri.cn/529/MTI4MzY1NTg3.html
3144,海南海口网,邓讷,省部级,http://hainanhk.cn/9da02/39f71344680.html
3212,福建企业网,王亚坤,省部级,http://fj.jkwindows.cn/e10b/b8b103442339.html
2748,广东新闻网,刘楚逸,省部级,http://csxxb.cn/e9c/MTQ1NzUzMjgx.html
3263,佛山本地宝,张泽,地市级,https://mp.weixin.qq.com/s/yPGEibV21iBibhskIObGTA
3327,湛江市第二中医医院,李辉,地市级,https://www.zjshtcm.com/xinwendongtai/yiyuandongtai/1534.html
3414,广州市城市更新协会,廖文斌,地市级,http://www.gzcsgxxh.org.cn/page131.html?article_id=1372
3441,顺德融媒,容桂水厂,地市级,https://content.foshanplus.com/newsDetails.html?newsId=873735&memberId=2128417&utm_source=fsios&utm_medium=news&utm_campaign=context&utm_term=873735&utm_belong1=2128417
3299,南海联达,丁高洁,地市级,https://mp.weixin.qq.com/s/4im03ENU3vW5XxEPk2WLtg
3535,中国民用航空网,文承聪,行业,https://www.ccaonline.cn/newsflashes/968001.html
3389,广州市房地产租赁协会,廖文斌,地市级,https://mp.weixin.qq.com/s/j8sDgNzYP_RM4kgS77CK1w
3140,海南新闻网,邓讷,省部级,http://binhaics.cn/450/ODU2MTM1OTI=.html
3333,新零售会客室,张泽,地市级,https://mp.weixin.qq.com/s/_hrSRW07zlGehCVWfVRpaA
3231,福建省人民政府门户网站,文承聪,省部级,https://www.fujian.gov.cn/xwdt/tpxx/202407/t20240702_6477285.htm
2898,产业建管,沈芳霞,行业,https://mp.weixin.qq.com/s/fHfVTvUOuxqJFZlXu-GPvA
3363,黄埔楼市吉屋网,丁俊峰,地市级,https://gzhuangpu.jiwu.com/news/5627399.html
3197,广东新闻网,程维格,省部级,http://csxxb.cn/e9c/MTMwMzcwNDk5.html
3404,胶己人卖房圈,廖文斌,地市级,https://mp.weixin.qq.com/s/GXirBvQFULCCfO6jUxqiIQ
3466,厦门旅游年卡,文承聪,地市级,https://mp.weixin.qq.com/s/XECjLbPwm-0OIi36AxoJvw
3493,雪球,张泽,行业,https://xueqiu.com/2719766506/295601903
3408,广州东建监理,廖文斌,地市级,https://mp.weixin.qq.com/s/0hflNvJU2wFvmXSR0fqgnQ
3204,广东资讯网,徐晓东,省部级,http://syjinri.cn/529/MTMwNTg1ODQy.html
3194,广东资讯网,程维格,省部级,http://syjinri.cn/529/MTMwMzcwNDcy.html
3206,广东都市,徐晓东,省部级,http://lzdushi.cn/604/ODcwNTcyNDA=.html
3470,翔心筑新,文承聪,地市级,https://mp.weixin.qq.com/s/kbV_NjhPn80jp28v4xjLNQ
3438,深圳特区报（读特）,郑石慧,地市级,https://www.dutenews.com/n/article/8259646?from=app&client=1
3450,厦门交通,文承聪,地市级,https://mp.weixin.qq.com/s/E8MUvgl8bCl5Jjyz15Vv6A
3183,广东新闻网,吕昊临,省部级,http://csxxb.cn/e9c/MTI4MzY1NTk2.html
3213,福建新闻网,王亚坤,省部级,http://fjxxw.top/ce9/MTQ3Nzc0NzY=.html
3294,顺德plus,张泽,地市级,http://shundeplus.shundecity.com/phone/index/article/id/205000.html
3264,佛山房产,张泽,地市级,https://mp.weixin.qq.com/s/IkzN2D278NnNz3sFaTZY8g
3207,广东新闻网,徐晓东,省部级,http://csxxb.cn/e9c/MTMwNTg1ODY5.html